<?xml version="1.0" encoding="UTF-8" ?>
<!DOCTYPE mapper
        PUBLIC "-//mybatis.org//DTD Mapper 3.0//EN"
        "http://mybatis.org/dtd/mybatis-3-mapper.dtd">
<mapper namespace="com.ssafy.vue.dao.HrmDAO">

	<!-- 게시글 전체 조회 -->
	<select id="selectHrm" resultType="hrm">
		select id,name, dept, position, sal
		  from vue_hrm 
		 order by id desc
	</select>
	

                  
	<!-- 게시글 등록 -->
	<insert id="insertHrm" parameterType="hrm">
		insert into vue_hrm(
			name,email,hiredate,admin,position,dept,sal,commision
		) values (
			#{name},#{email},#{hiredate},#{admin},#{position},#{dept},#{sal},#{commision}
		)
	</insert>

	
<!-- 	<update id="updateBoard" parameterType="board">
		update vue_board 
		   set title = #{title}, 
		   	   writer = #{writer}, 
		   	   content = #{content}
		 where no = #{no}
	</update> -->
	
	<select id="selectHrmById" resultType="hrm">
		select id,name, dept, position, sal
		  from vue_hrm 
		 where id = #{id}
	</select>
	
	<delete id="deleteHrm" parameterType="int">
		delete 
		  from vue_hrm 
		 where id = #{id}
	</delete> 

</mapper>

