<?xml version="1.0" encoding="UTF-8"?>
<!-- mappers/person.xml -->
<!DOCTYPE mapper
    PUBLIC "-//mybatis.org//DTD Mapper 3.0//EN"
    "http://mybatis.org/dtd/mybatis-3-mapper.dtd">
<mapper namespace="product"> <!-- mybatis는 namespace필수!! -->
   
   
   <!-- 입력 -->
   <insert id="insert" >
       insert into product (id,name,price) 
       values (#{id},#{name},#{price}) 
   </insert>
   
   <!-- 전체 조회 -->
   <select id="selectAll" resultType="Product"> 
   <!-- parameterType속성 생략, resultType속성 필수!! -->
       select no,id,name,price
       from product
       order by no desc 
   </select>
   
   
   
   <!-- (수정폼에 출력할) 조회 -->
   <select id="select" resultType="Product">
       select no,id,name,price
       from product
       where no=#{no}
   </select>
   
   <!-- (수정폼에 입력된) 수정 -->
   <update id="update">
       update product
       set id=#{id}, name=#{name}, price=#{price}
       where no=#{no}
   </update>
   
   <!-- (번호로 구분하는 ) 삭제 -->
   <delete id="delete">
       delete from product
       where no=#{no}
   </delete>
   
</mapper>    
    
    
    
    
    
    