<?xml version="1.0" encoding="UTF-8"?>
<!-- mappers/gueset.xml -->
<!DOCTYPE mapper PUBLIC "-//mybatis.org//DTD Mapper 3.0//EN" "http://mybatis.org/dtd/mybatis-3-mapper.dtd">
<mapper namespace="BoardMapper">

	<insert id="boardRegist" parameterType="com.ssafy.board.dto.Board">
		insert into ssafyweb.guestbook (userid,subject,content,regtime)
		values (#{userid}, #{subject}, #{content}, now())
	</insert>

	<select id="boardListNoPaging" resultType="com.ssafy.board.dto.Board">
		select articleno, userid, subject, content, regtime
		from ssafyweb.guestbook
	</select>

	<!-- 테이블 컬럼명과 DTO의 변수명이 같아야 한다. DTO에 set/get 메소드가 있어야 한다. -->

	<select id="boardDetail" parameterType="java.lang.String" resultType="com.ssafy.board.dto.Board">
		select articleno, userid, subject, content, regtime
		from ssafyweb.guestbook
		where articleno = #{no}
	</select>	
	
	<delete id="boardDelete" parameterType="java.lang.String">
		delete 
		from ssafyweb.guestbook
		where articleno = #{no}
	</delete>
	
	<update id="boardUpdate" parameterType="com.ssafy.board.dto.Board">
		update ssafyweb.guestbook
		set userid = #{userid}, subject=#{subject}, content=#{content}
		where  articleno = #{articleno}
	</update>
	
</mapper>    
